{
  "status": "success",
  "total_travel_time": 1458,
  "total_idle_time": 0,
  "total_break_time": 0,
  "num_unserved": 0,
  "unserved": null,
  "solution": {
    "driver_15": [
      {
        "location_id": "depot",
        "location_name": "119615",
        "arrival_time": "08:00"
      },
      {
        "location_id": "order_72",
        "location_name": "600040",
        "arrival_time": "08:18",
        "finish_time": "08:28"
      },
      {
        "location_id": "order_76",
        "location_name": "639518",
        "arrival_time": "08:51",
        "finish_time": "09:01"
      },
      {
        "location_id": "order_75",
        "location_name": "638492",
        "arrival_time": "09:09",
        "finish_time": "09:19"
      },
      {
        "location_id": "order_74",
        "location_name": "629079",
        "arrival_time": "09:29",
        "finish_time": "09:39"
      },
      {
        "location_id": "order_86",
        "location_name": "681476",
        "arrival_time": "10:02",
        "finish_time": "10:12"
      },
      {
        "location_id": "order_87",
        "location_name": "683683",
        "arrival_time": "10:25",
        "finish_time": "10:35"
      },
      {
        "location_id": "order_69",
        "location_name": "587971",
        "arrival_time": "10:56",
        "finish_time": "11:06"
      },
      {
        "location_id": "depot",
        "location_name": "119615",
        "arrival_time": "11:24"
      }
    ],
    "driver_14": [
      {
        "location_id": "depot",
        "location_name": "119615",
        "arrival_time": "08:00"
      },
      {
        "location_id": "order_77",
        "location_name": "641653",
        "arrival_time": "08:27",
        "finish_time": "08:37"
      },
      {
        "location_id": "order_78",
        "location_name": "644648",
        "arrival_time": "08:41",
        "finish_time": "08:51"
      },
      {
        "location_id": "order_79",
        "location_name": "648332",
        "arrival_time": "08:59",
        "finish_time": "09:09"
      },
      {
        "location_id": "order_80",
        "location_name": "649812",
        "arrival_time": "09:21",
        "finish_time": "09:31"
      },
      {
        "location_id": "order_73",
        "location_name": "603286",
        "arrival_time": "09:44",
        "finish_time": "09:54"
      },
      {
        "location_id": "order_12",
        "location_name": "128383",
        "arrival_time": "10:09",
        "finish_time": "10:19"
      },
      {
        "location_id": "order_11",
        "location_name": "127158",
        "arrival_time": "10:26",
        "finish_time": "10:36"
      },
      {
        "location_id": "depot",
        "location_name": "119615",
        "arrival_time": "10:45"
      }
    ],
    "driver_13": [
      {
        "location_id": "depot",
        "location_name": "119615",
        "arrival_time": "08:00"
      },
      {
        "location_id": "order_70",
        "location_name": "590019",
        "arrival_time": "08:16",
        "finish_time": "08:26"
      },
      {
        "location_id": "order_71",
        "location_name": "596732",
        "arrival_time": "08:31",
        "finish_time": "08:41"
      },
      {
        "location_id": "order_81",
        "location_name": "658074",
        "arrival_time": "08:51",
        "finish_time": "09:01"
      },
      {
        "location_id": "order_85",
        "location_name": "680025",
        "arrival_time": "09:13",
        "finish_time": "09:23"
      },
      {
        "location_id": "order_82",
        "location_name": "671633",
        "arrival_time": "09:30",
        "finish_time": "09:40"
      },
      {
        "location_id": "order_83",
        "location_name": "673633",
        "arrival_time": "09:41",
        "finish_time": "09:51"
      },
      {
        "location_id": "depot",
        "location_name": "119615",
        "arrival_time": "10:17"
      }
    ],
    "driver_12": [
      {
        "location_id": "depot",
        "location_name": "119615",
        "arrival_time": "08:00"
      },
      {
        "location_id": "order_23",
        "location_name": "199007",
        "arrival_time": "08:29",
        "finish_time": "08:39"
      },
      {
        "location_id": "order_39",
        "location_name": "339416",
        "arrival_time": "08:43",
        "finish_time": "08:53"
      },
      {
        "location_id": "order_42",
        "location_name": "380044",
        "arrival_time": "09:00",
        "finish_time": "09:10"
      },
      {
        "location_id": "order_47",
        "location_name": "427071",
        "arrival_time": "09:25",
        "finish_time": "09:35"
      },
      {
        "location_id": "order_44",
        "location_name": "418562",
        "arrival_time": "09:44",
        "finish_time": "09:54"
      },
      {
        "location_id": "order_51",
        "location_name": "469001",
        "arrival_time": "10:02",
        "finish_time": "10:12"
      },
      {
        "location_id": "order_52",
        "location_name": "488067",
        "arrival_time": "10:24",
        "finish_time": "10:34"
      },
      {
        "location_id": "order_57",
        "location_name": "525498",
        "arrival_time": "10:50",
        "finish_time": "11:00"
      },
      {
        "location_id": "order_53",
        "location_name": "506945",
        "arrival_time": "11:10",
        "finish_time": "11:20"
      },
      {
        "location_id": "depot",
        "location_name": "119615",
        "arrival_time": "12:13"
      }
    ],
    "driver_11": [
      {
        "location_id": "depot",
        "location_name": "119615",
        "arrival_time": "08:00"
      },
      {
        "location_id": "order_29",
        "location_name": "267036",
        "arrival_time": "08:15",
        "finish_time": "08:25"
      },
      {
        "location_id": "order_59",
        "location_name": "530020",
        "arrival_time": "08:55",
        "finish_time": "09:05"
      },
      {
        "location_id": "order_60",
        "location_name": "536795",
        "arrival_time": "09:12",
        "finish_time": "09:22"
      },
      {
        "location_id": "order_62",
        "location_name": "545118",
        "arrival_time": "09:30",
        "finish_time": "09:40"
      },
      {
        "location_id": "order_61",
        "location_name": "541209",
        "arrival_time": "09:44",
        "finish_time": "09:54"
      },
      {
        "location_id": "order_100",
        "location_name": "821109",
        "arrival_time": "10:04",
        "finish_time": "10:14"
      },
      {
        "location_id": "order_55",
        "location_name": "519941",
        "arrival_time": "10:30",
        "finish_time": "10:40"
      },
      {
        "location_id": "order_54",
        "location_name": "518457",
        "arrival_time": "10:47",
        "finish_time": "10:57"
      },
      {
        "location_id": "order_56",
        "location_name": "521160",
        "arrival_time": "11:09",
        "finish_time": "11:19"
      },
      {
        "location_id": "order_58",
        "location_name": "528799",
        "arrival_time": "11:23",
        "finish_time": "11:33"
      },
      {
        "location_id": "order_41",
        "location_name": "360014",
        "arrival_time": "11:57",
        "finish_time": "12:07"
      },
      {
        "location_id": "order_40",
        "location_name": "348615",
        "arrival_time": "12:14",
        "finish_time": "12:24"
      },
      {
        "location_id": "depot",
        "location_name": "119615",
        "arrival_time": "12:59"
      }
    ],
    "driver_10": [
      {
        "location_id": "depot",
        "location_name": "119615",
        "arrival_time": "08:00"
      },
      {
        "location_id": "order_50",
        "location_name": "465540",
        "arrival_time": "08:46",
        "finish_time": "08:56"
      },
      {
        "location_id": "order_49",
        "location_name": "460015",
        "arrival_time": "09:02",
        "finish_time": "09:12"
      },
      {
        "location_id": "order_46",
        "location_name": "426008",
        "arrival_time": "09:25",
        "finish_time": "09:35"
      },
      {
        "location_id": "order_45",
        "location_name": "423641",
        "arrival_time": "09:39",
        "finish_time": "09:49"
      },
      {
        "location_id": "order_48",
        "location_name": "430010",
        "arrival_time": "09:56",
        "finish_time": "10:06"
      },
      {
        "location_id": "order_43",
        "location_name": "383002",
        "arrival_time": "10:17",
        "finish_time": "10:27"
      },
      {
        "location_id": "order_38",
        "location_name": "333038",
        "arrival_time": "10:33",
        "finish_time": "10:43"
      },
      {
        "location_id": "order_37",
        "location_name": "327981",
        "arrival_time": "10:46",
        "finish_time": "10:56"
      },
      {
        "location_id": "order_36",
        "location_name": "319074",
        "arrival_time": "11:08",
        "finish_time": "11:18"
      },
      {
        "location_id": "order_34",
        "location_name": "310061",
        "arrival_time": "11:26",
        "finish_time": "11:36"
      },
      {
        "location_id": "depot",
        "location_name": "119615",
        "arrival_time": "12:09"
      }
    ],
    "driver_9": [
      {
        "location_id": "depot",
        "location_name": "119615",
        "arrival_time": "08:00"
      },
      {
        "location_id": "depot",
        "location_name": "119615",
        "arrival_time": "08:00"
      }
    ],
    "driver_8": [
      {
        "location_id": "depot",
        "location_name": "119615",
        "arrival_time": "08:00"
      },
      {
        "location_id": "order_15",
        "location_name": "150009",
        "arrival_time": "08:18",
        "finish_time": "08:28"
      },
      {
        "location_id": "order_28",
        "location_name": "247919",
        "arrival_time": "08:38",
        "finish_time": "08:48"
      },
      {
        "location_id": "order_25",
        "location_name": "227973",
        "arrival_time": "08:54",
        "finish_time": "09:04"
      },
      {
        "location_id": "order_96",
        "location_name": "789095",
        "arrival_time": "09:32",
        "finish_time": "09:42"
      },
      {
        "location_id": "order_94",
        "location_name": "757711",
        "arrival_time": "10:02",
        "finish_time": "10:12"
      },
      {
        "location_id": "order_95",
        "location_name": "758523",
        "arrival_time": "10:19",
        "finish_time": "10:29"
      },
      {
        "location_id": "order_93",
        "location_name": "753501",
        "arrival_time": "10:38",
        "finish_time": "10:48"
      },
      {
        "location_id": "order_90",
        "location_name": "733683",
        "arrival_time": "11:00",
        "finish_time": "11:10"
      },
      {
        "location_id": "order_89",
        "location_name": "732899",
        "arrival_time": "11:16",
        "finish_time": "11:26"
      },
      {
        "location_id": "order_91",
        "location_name": "737894",
        "arrival_time": "11:31",
        "finish_time": "11:41"
      },
      {
        "location_id": "order_88",
        "location_name": "731571",
        "arrival_time": "11:44",
        "finish_time": "11:54"
      },
      {
        "location_id": "order_92",
        "location_name": "738076",
        "arrival_time": "12:03",
        "finish_time": "12:13"
      },
      {
        "location_id": "order_84",
        "location_name": "679452",
        "arrival_time": "12:36",
        "finish_time": "12:46"
      },
      {
        "location_id": "depot",
        "location_name": "119615",
        "arrival_time": "13:12"
      }
    ],
    "driver_7": [
      {
        "location_id": "depot",
        "location_name": "119615",
        "arrival_time": "08:00"
      },
      {
        "location_id": "order_8",
        "location_name": "102111",
        "arrival_time": "08:20",
        "finish_time": "08:30"
      },
      {
        "location_id": "order_27",
        "location_name": "238061",
        "arrival_time": "08:46",
        "finish_time": "08:56"
      },
      {
        "location_id": "order_21",
        "location_name": "187962",
        "arrival_time": "09:02",
        "finish_time": "09:12"
      },
      {
        "location_id": "order_24",
        "location_name": "210042",
        "arrival_time": "09:23",
        "finish_time": "09:33"
      },
      {
        "location_id": "order_33",
        "location_name": "308214",
        "arrival_time": "09:44",
        "finish_time": "09:54"
      },
      {
        "location_id": "order_35",
        "location_name": "314079",
        "arrival_time": "10:05",
        "finish_time": "10:15"
      },
      {
        "location_id": "order_68",
        "location_name": "576151",
        "arrival_time": "10:28",
        "finish_time": "10:38"
      },
      {
        "location_id": "order_66",
        "location_name": "563588",
        "arrival_time": "10:49",
        "finish_time": "10:59"
      },
      {
        "location_id": "order_64",
        "location_name": "561596",
        "arrival_time": "11:03",
        "finish_time": "11:13"
      },
      {
        "location_id": "order_65",
        "location_name": "562309",
        "arrival_time": "11:23",
        "finish_time": "11:33"
      },
      {
        "location_id": "depot",
        "location_name": "119615",
        "arrival_time": "12:08"
      }
    ],
    "driver_6": [
      {
        "location_id": "depot",
        "location_name": "119615",
        "arrival_time": "08:00"
      },
      {
        "location_id": "order_31",
        "location_name": "279306",
        "arrival_time": "08:16",
        "finish_time": "08:26"
      },
      {
        "location_id": "order_32",
        "location_name": "288352",
        "arrival_time": "08:42",
        "finish_time": "08:52"
      },
      {
        "location_id": "order_63",
        "location_name": "546991",
        "arrival_time": "09:21",
        "finish_time": "09:31"
      },
      {
        "location_id": "order_99",
        "location_name": "808437",
        "arrival_time": "09:42",
        "finish_time": "09:52"
      },
      {
        "location_id": "order_98",
        "location_name": "805545",
        "arrival_time": "09:59",
        "finish_time": "10:09"
      },
      {
        "location_id": "order_97",
        "location_name": "798592",
        "arrival_time": "10:18",
        "finish_time": "10:28"
      },
      {
        "location_id": "order_67",
        "location_name": "568049",
        "arrival_time": "10:38",
        "finish_time": "10:48"
      },
      {
        "location_id": "order_14",
        "location_name": "142091",
        "arrival_time": "11:18",
        "finish_time": "11:28"
      },
      {
        "location_id": "depot",
        "location_name": "119615",
        "arrival_time": "11:43"
      }
    ],
    "driver_5": [
      {
        "location_id": "depot",
        "location_name": "119615",
        "arrival_time": "08:00"
      },
      {
        "location_id": "depot",
        "location_name": "119615",
        "arrival_time": "08:00"
      }
    ],
    "driver_4": [
      {
        "location_id": "depot",
        "location_name": "119615",
        "arrival_time": "08:00"
      },
      {
        "location_id": "order_9",
        "location_name": "103080",
        "arrival_time": "08:14",
        "finish_time": "08:24"
      },
      {
        "location_id": "order_6",
        "location_name": "090109",
        "arrival_time": "08:36",
        "finish_time": "08:46"
      },
      {
        "location_id": "order_18",
        "location_name": "165026",
        "arrival_time": "08:55",
        "finish_time": "09:05"
      },
      {
        "location_id": "order_19",
        "location_name": "168732",
        "arrival_time": "09:09",
        "finish_time": "09:19"
      },
      {
        "location_id": "order_17",
        "location_name": "162008",
        "arrival_time": "09:24",
        "finish_time": "09:34"
      },
      {
        "location_id": "order_3",
        "location_name": "058357",
        "arrival_time": "09:38",
        "finish_time": "09:48"
      },
      {
        "location_id": "order_2",
        "location_name": "048468",
        "arrival_time": "09:51",
        "finish_time": "10:01"
      },
      {
        "location_id": "order_5",
        "location_name": "085201",
        "arrival_time": "10:04",
        "finish_time": "10:14"
      },
      {
        "location_id": "order_7",
        "location_name": "099254",
        "arrival_time": "10:23",
        "finish_time": "10:33"
      },
      {
        "location_id": "order_10",
        "location_name": "117406",
        "arrival_time": "10:51",
        "finish_time": "11:01"
      },
      {
        "location_id": "depot",
        "location_name": "119615",
        "arrival_time": "11:08"
      }
    ],
    "driver_3": [
      {
        "location_id": "depot",
        "location_name": "119615",
        "arrival_time": "08:00"
      },
      {
        "location_id": "order_16",
        "location_name": "159013",
        "arrival_time": "08:18",
        "finish_time": "08:28"
      },
      {
        "location_id": "order_20",
        "location_name": "169074",
        "arrival_time": "08:35",
        "finish_time": "08:45"
      },
      {
        "location_id": "order_4",
        "location_name": "069542",
        "arrival_time": "08:53",
        "finish_time": "09:03"
      },
      {
        "location_id": "order_1",
        "location_name": "038988",
        "arrival_time": "09:12",
        "finish_time": "09:22"
      },
      {
        "location_id": "order_22",
        "location_name": "198747",
        "arrival_time": "09:27",
        "finish_time": "09:37"
      },
      {
        "location_id": "order_26",
        "location_name": "228059",
        "arrival_time": "09:45",
        "finish_time": "09:55"
      },
      {
        "location_id": "order_30",
        "location_name": "277683",
        "arrival_time": "10:13",
        "finish_time": "10:23"
      },
      {
        "location_id": "order_13",
        "location_name": "130020",
        "arrival_time": "10:30",
        "finish_time": "10:40"
      },
      {
        "location_id": "depot",
        "location_name": "119615",
        "arrival_time": "10:55"
      }
    ],
    "driver_2": [
      {
        "location_id": "depot",
        "location_name": "119615",
        "arrival_time": "08:00"
      },
      {
        "location_id": "depot",
        "location_name": "119615",
        "arrival_time": "08:00"
      }
    ],
    "driver_1": [
      {
        "location_id": "depot",
        "location_name": "119615",
        "arrival_time": "08:00"
      },
      {
        "location_id": "depot",
        "location_name": "119615",
        "arrival_time": "08:00"
      }
    ]
  },
  "total_working_time": 2458,
  "num_late_visits": 0
}
