{
	"visits": {
		"order_1": {
			"location": {
				"name": "038988",
				"lat": 1.295309,
				"lng": 103.859486
			},
			"duration": 10,
			"load": 10
		},
		"order_2": {
			"location": {
				"name": "048468",
				"lat": 1.282613,
				"lng": 103.848669
			},
			"duration": 10,
			"load": 7
		},
		"order_3": {
			"location": {
				"name": "058357",
				"lat": 1.285713,
				"lng": 103.843924
			},
			"duration": 10,
			"load": 13
		},
		"order_4": {
			"location": {
				"name": "069542",
				"lat": 1.278887,
				"lng": 103.848023
			},
			"duration": 10,
			"load": 19
		},
		"order_5": {
			"location": {
				"name": "085201",
				"lat": 1.27799,
				"lng": 103.84122
			},
			"duration": 10,
			"load": 26
		},
		"order_6": {
			"location": {
				"name": "090109",
				"lat": 1.273917,
				"lng": 103.825287
			},
			"duration": 10,
			"load": 3
		},
		"order_7": {
			"location": {
				"name": "099254",
				"lat": 1.264479,
				"lng": 103.818703
			},
			"duration": 10,
			"load": 5
		},
		"order_8": {
			"location": {
				"name": "102111",
				"lat": 1.281212,
				"lng": 103.808337
			},
			"duration": 10,
			"load": 9
		},
		"order_9": {
			"location": {
				"name": "103080",
				"lat": 1.274086,
				"lng": 103.807535
			},
			"duration": 10,
			"load": 16
		},
		"order_10": {
			"location": {
				"name": "117406",
				"lat": 1.286215,
				"lng": 103.783457
			},
			"duration": 10,
			"load": 16
		},
		"order_11": {
			"location": {
				"name": "127158",
				"lat": 1.309658,
				"lng": 103.760967
			},
			"duration": 10,
			"load": 12
		},
		"order_12": {
			"location": {
				"name": "128383",
				"lat": 1.310338,
				"lng": 103.752013
			},
			"duration": 10,
			"load": 19
		},
		"order_13": {
			"location": {
				"name": "130020",
				"lat": 1.306685,
				"lng": 103.783514
			},
			"duration": 10,
			"load": 23
		},
		"order_14": {
			"location": {
				"name": "142091",
				"lat": 1.302139,
				"lng": 103.797267
			},
			"duration": 10,
			"load": 20
		},
		"order_15": {
			"location": {
				"name": "150009",
				"lat": 1.288948,
				"lng": 103.808395
			},
			"duration": 10,
			"load": 8
		},
		"order_16": {
			"location": {
				"name": "159013",
				"lat": 1.292022,
				"lng": 103.817891
			},
			"duration": 10,
			"load": 19
		},
		"order_17": {
			"location": {
				"name": "162008",
				"lat": 1.287444,
				"lng": 103.839279
			},
			"duration": 10,
 		  "load": 2
		},
		"order_18": {
			"location": {
				"name": "165026",
				"lat": 1.283046,
				"lng": 103.825595
			},
			"duration": 10,
			"load": 12
		},
		"order_19": {
			"location": {
				"name": "168732",
				"lat": 1.286145,
				"lng": 103.827342
			},
			"duration": 10,
			"load": 17
		},
		"order_20": {
			"location": {
				"name": "169074",
				"lat": 1.287436,
				"lng": 103.833889
			},
			"duration": 10,
			"load": 9
		},
		"order_21": {
			"location": {
				"name": "187962",
				"lat": 1.30016,
				"lng": 103.85279
			},
			"duration": 10,
			"load": 11
		},
		"order_22": {
			"location": {
				"name": "198747",
				"lat": 1.30359,
				"lng": 103.859795
			},
			"duration": 10,
			"load": 18
		},
		"order_23": {
			"location": {
				"name": "199007",
				"lat": 1.304414,
				"lng": 103.860414
			},
			"duration": 10,
			"load": 29
		},
		"order_24": {
			"location": {
				"name": "210042",
				"lat": 1.315803,
				"lng": 103.849673
			},
			"duration": 10,
			"load": 3
		},
		"order_25": {
			"location": {
				"name": "227973",
				"lat": 1.305647,
				"lng": 103.836893
			},
			"duration": 10,
			"load": 6
		},
		"order_26": {
			"location": {
				"name": "228059",
				"lat": 1.3023229,
				"lng": 103.848207
			},
			"duration": 10,
			"load": 17
		},
		"order_27": {
			"location": {
				"name": "238061",
				"lat": 1.293887,
				"lng": 103.843088
			},
			"duration": 10,
			"load": 16
		},
		"order_28": {
			"location": {
				"name": "247919",
				"lat": 1.3043149,
				"lng": 103.821339
			},
			"duration": 10,
			"load": 16
		},
		"order_29": {
			"location": {
				"name": "267036",
				"lat": 1.314173,
				"lng": 103.792301
			},
			"duration": 10,
			"load": 9
		},
		"order_30": {
			"location": {
				"name": "277683",
				"lat": 1.311471,
				"lng": 103.794855
			},
			"duration": 10,
			"load": 21
		},
		"order_31": {
			"location": {
				"name": "279306",
				"lat": 1.322417,
				"lng": 103.787193
			},
			"duration": 10,
			"load": 27
		},
		"order_32": {
			"location": {
				"name": "288352",
				"lat": 1.324807,
				"lng": 103.812281
			},
			"duration": 10,
			"load": 23
		},
		"order_33": {
			"location": {
				"name": "308214",
				"lat": 1.32319,
				"lng": 103.8491279
			},
			"duration": 10,
			"load": 11
		},
		"order_34": {
			"location": {
				"name": "310061",
				"lat": 1.33642,
				"lng": 103.852298
			},
			"duration": 10,
			"load": 14
		},
		"order_35": {
			"location": {
				"name": "314079",
				"lat": 1.334377,
				"lng": 103.84956
			},
			"duration": 10,
			"load": 8
		},
		"order_36": {
			"location": {
				"name": "319074",
				"lat": 1.334937,
				"lng": 103.86062
			},
			"duration": 10,
			"load": 5
		},
		"order_37": {
			"location": {
				"name": "327981",
				"lat": 1.3267119,
				"lng": 103.864111
			},
			"duration": 10,
			"load": 8
		},
		"order_38": {
			"location": {
				"name": "333038",
				"lat": 1.320821,
				"lng": 103.866744
			},
			"duration": 10,
			"load": 16
		},
		"order_39": {
			"location": {
				"name": "339416",
				"lat": 1.310942,
				"lng": 103.865653
			},
			"duration": 10,
			"load": 31
		},
		"order_40": {
			"location": {
				"name": "348615",
				"lat": 1.327466,
				"lng": 103.870786
			},
			"duration": 10,
			"load": 9
		},
		"order_41": {
			"location": {
				"name": "360014",
				"lat": 1.33583,
				"lng": 103.879775
			},
			"duration": 10,
			"load": 5
		},
		"order_42": {
			"location": {
				"name": "380044",
				"lat": 1.316374,
				"lng": 103.877096
			},
			"duration": 10,
			"load": 5
		},
		"order_43": {
			"location": {
				"name": "383002",
				"lat": 1.313153,
				"lng": 103.871757
			},
			"duration": 10,
			"load": 7
		},
		"order_44": {
			"location": {
				"name": "418562",
				"lat": 1.324012,
				"lng": 103.915853
			},
			"duration": 10,
			"load": 18
		},
		"order_45": {
		  "location": {
		    "name": "423641",
		    "lat": 1.31088,
		    "lng": 103.902168
		  },
		  "duration": 10,
		  "load": 16
		},
		"order_46": {
		  "location": {
		    "name": "426008",
		    "lat": 1.315242,
		    "lng": 103.9073
		  },
		  "duration": 10,
		  "load": 1
		},
		"order_47": {
		  "location": {
		    "name": "427071",
		    "lat": 1.312992,
		    "lng": 103.906238
		  },
		  "duration": 10,
		  "load": 27
		},
		"order_48": {
		  "location": {
		    "name": "430010",
		    "lat": 1.31485,
		    "lng": 103.895631
		  },
		  "duration": 10,
		  "load": 36
		},

		"order_49": {
		  "location": {
		    "name": "460015",
		    "lat": 1.321074,
		    "lng": 103.935303
		  },
		  "duration": 10,
		  "load": 30
		},
		"order_50": {
		  "location": {
		    "name": "465540",
		    "lat": 1.314975,
		    "lng": 103.943427
		  },
		  "duration": 10,
		  "load": 13
		},
		"order_51": {
		  "location": {
		    "name": "469001",
		    "lat": 1.322995,
		    "lng": 103.922194
		  },
		  "duration": 10,
		  "load": 10
		},
		"order_52": {
		  "location": {
		    "name": "488067",
		    "lat": 1.341648,
		    "lng": 103.960488
		  },
		  "duration": 10,
		  "load": 9
		},
		"order_53": {
		  "location": {
		    "name": "506945",
		    "lat": 1.357229,
		    "lng": 103.963549
		  },
		  "duration": 10,
		  "load": 14
		},
		"order_54": {
		  "location": {
		    "name": "518457",
		    "lat": 1.372567,
		    "lng": 103.950162
		  },
		  "duration": 10,
		  "load": 18
		},
		"order_55": {
		  "location": {
		    "name": "519941",
		    "lat": 1.377106,
		    "lng": 103.942364
		  },
		  "duration": 10,
		  "load": 2
		},
		"order_56": {
		  "location": {
		    "name": "521160",
		    "lat": 1.350787,
		    "lng": 103.94498
		  },
		  "duration": 10,
		  "load": 6
		},
		"order_57": {
		  "location": {
		    "name": "525498",
		    "lat": 1.362376,
		    "lng": 103.958136
		  },
		  "duration": 10,
		  "load": 7
		},
		"order_58": {
		  "location": {
		    "name": "528799",
		    "lat": 1.354566,
		    "lng": 103.9423319
		  },
		  "duration": 10,
		  "load": 18
		},
		"order_59": {
		  "location": {
		    "name": "530020",
		    "lat": 1.363919,
		    "lng": 103.89057
		  },
		  "duration": 10,
		  "load": 28
		},
		"order_60": {
			"location": {
				"name": "536795",
				"lat": 1.369105,
				"lng": 103.888601
			},
			"duration": 10,
			"load": 3
		},
		"order_61": {
			"location": {
				"name": "541209",
				"lat": 1.383454,
				"lng": 103.89853
			},
			"duration": 10,
			"load": 13
		},
		"order_62": {
			"location": {
				"name": "545118",
				"lat": 1.380007,
				"lng": 103.898756
			},
			"duration": 10,
			"load": 19
		},
		"order_63": {
			"location": {
				"name": "546991",
				"lat": 1.363391,
				"lng": 103.879752
			},
			"duration": 10,
			"load": 10
		},
		"order_64": {
			"location": {
				"name": "561596",
				"lat": 1.37258,
				"lng": 103.850842
			},
			"duration": 10,
			"load": 9
		},
		"order_65": {
			"location": {
				"name": "562309",
				"lat": 1.365019,
				"lng": 103.845289
			},
			"duration": 10,
			"load": 20
		},
		"order_66": {
			"location": {
				"name": "563588",
				"lat": 1.371353,
				"lng": 103.854091
			},
			"duration": 10,
			"load": 25
		},
		"order_67": {
			"location": {
				"name": "568049",
				"lat": 1.377913,
				"lng": 103.868356
			},
			"duration": 10,
			"load": 25
		},
		"order_68": {
			"location": {
				"name": "576151",
				"lat": 1.3518674,
				"lng": 103.8428945
			},
			"duration": 10,
			"load": 36
		},
		"order_69": {
			"location": {
				"name": "587971",
				"lat": 1.346727,
				"lng": 103.774098
			},
			"duration": 10,
			"load": 6
		},
		"order_70": {
			"location": {
				"name": "590019",
				"lat": 1.339921,
				"lng": 103.773874
			},
			"duration": 10,
			"load": 5
		},
		"order_71": {
			"location": {
				"name": "596732",
				"lat": 1.339624,
				"lng": 103.765435
			},
			"duration": 10,
			"load": 15
		},
		"order_72": {
			"location": {
				"name": "600040",
				"lat": 1.321386,
				"lng": 103.742031
			},
			"duration": 10,
			"load": 25
		},
		"order_73": {
			"location": {
				"name": "603286",
				"lat": 1.338906,
				"lng": 103.744608
			},
			"duration": 10,
			"load": 9
		},
		"order_74": {
			"location": {
				"name": "629079",
				"lat": 1.327233,
				"lng": 103.671734
			},
			"duration": 10,
			"load": 8
		},
		"order_75": {
			"location": {
				"name": "638492",
				"lat": 1.316119,
				"lng": 103.6552449
			},
			"duration": 10,
			"load": 18
		},
		"order_76": {
			"location": {
				"name": "639518",
				"lat": 1.330906,
				"lng": 103.651269
			},
			"duration": 10,
			"load": 13
		},
		"order_77": {
			"location": {
				"name": "641653",
				"lat": 1.336728,
				"lng": 103.696733
			},
			"duration": 10,
			"load": 14
		},
		"order_78": {
			"location": {
				"name": "644648",
				"lat": 1.339434,
				"lng": 103.697594
			},
			"duration": 10,
			"load": 3
		},
		"order_79": {
			"location": {
				"name": "648332",
				"lat": 1.339345,
				"lng": 103.705984
			},
			"duration": 10,
			"load": 23
		},
		"order_80": {
			"location": {
				"name": "649812",
				"lat": 1.344266,
				"lng": 103.717562
			},
			"duration": 10,
			"load": 6
		},
		"order_81": {
			"location": {
				"name": "658074",
				"lat": 1.349274,
				"lng": 103.749061
			},
			"duration": 10,
			"load": 26
		},
		"order_82": {
			"location": {
				"name": "671633",
				"lat": 1.385499,
				"lng": 103.758362
			},
			"duration": 10,
			"load": 16
		},
		"order_83": {
			"location": {
				"name": "673633",
				"lat": 1.384937,
				"lng": 103.759226
			},
			"duration": 10,
			"load": 11
		},
		"order_84": {
			"location": {
				"name": "679452",
				"lat": 1.36934,
				"lng": 103.772229
			},
			"duration": 10,
			"load": 7
		},
		"order_85": {
			"location": {
				"name": "680025",
				"lat": 1.377967,
				"lng": 103.755083
			},
			"duration": 10,
			"load": 41
		},
		"order_86": {
			"location": {
				"name": "681476",
				"lat": 1.376441,
				"lng": 103.737799
			},
			"duration": 10,
			"load": 35
		},
		"order_87": {
			"location": {
				"name": "683683",
				"lat": 1.40469,
				"lng": 103.74625
			},
			"duration": 10,
			"load": 26
		},
		"order_88": {
			"location": {
				"name": "731571",
				"lat": 1.4301299,
				"lng": 103.791005
			},
			"duration": 10,
			"load": 9
		},
		"order_89": {
			"location": {
				"name": "732899",
				"lat": 1.436555,
				"lng": 103.794974
			},
			"duration": 10,
			"load": 15
		},
		"order_90": {
			"location": {
				"name": "733683",
				"lat": 1.441129,
				"lng": 103.803303
			},
			"duration": 10,
			"load": 3
		},
		"order_91": {
			"location": {
				"name": "737894",
				"lat": 1.432207,
				"lng": 103.797367
			},
			"duration": 10,
			"load": 1
		},
		"order_92": {
			"location": {
				"name": "738076",
				"lat": 1.426804,
				"lng": 103.778738
			},
			"duration": 10,
			"load": 2
		},
		"order_93": {
			"location": {
				"name": "753501",
				"lat": 1.451581,
				"lng": 103.821656
			},
			"duration": 10,
			"load": 22
		},
		"order_94": {
			"location": {
				"name": "757711",
				"lat": 1.436363,
				"lng": 103.825327
			},
			"duration": 10,
			"load": 27
		},
		"order_95": {
			"location": {
				"name": "758523",
				"lat": 1.458609,
				"lng": 103.836251
			},
			"duration": 10,
			"load": 20
		},
		"order_96": {
			"location": {
				"name": "789095",
				"lat": 1.39086,
				"lng": 103.8365309
			},
			"duration": 10,
			"load": 11
		},
		"order_97": {
			"location": {
				"name": "798592",
				"lat": 1.388199,
				"lng": 103.878493
			},
			"duration": 10,
			"load": 12
		},
		"order_98": {
			"location": {
				"name": "805545",
				"lat": 1.38463,
				"lng": 103.860363
			},
			"duration": 10,
			"load": 10
		},
		"order_99": {
			"location": {
				"name": "808437",
				"lat": 1.386012,
				"lng": 103.873394
			},
			"duration": 10,
			"load": 9
		},
		"order_100": {
			"location": {
				"name": "821109",
				"lat": 1.394534,
				"lng": 103.910229
			},
			"duration": 10,
			"load": 17
		}
	},

	"options": {
   "shortest_distance": true,
	 "min_vehicles":true
	},

	"fleet": {
  "driver_1": {
    "start_location": {
      "id": "depot",
      "name": "119615",
      "lat": 1.291608,
      "lng": 103.7763329
    },
    "end_location": {
      "id": "depot",
      "name": "119615",
      "lat": 1.291608,
      "lng": 103.7763329
    },
    "capacity": 150,"shift_start":"8:00"
  },
  "driver_2": {
    "start_location": {
      "id": "depot",
      "name": "119615",
      "lat": 1.291608,
      "lng": 103.7763329
    },
    "end_location": {
      "id": "depot",
      "name": "119615",
      "lat": 1.291608,
      "lng": 103.7763329
    },

    "capacity": 150,"shift_start":"8:00"
  },
  "driver_3": {
    "start_location": {
      "id": "depot",
      "name": "119615",
      "lat": 1.291608,
      "lng": 103.7763329
    },
    "end_location": {
      "id": "depot",
      "name": "119615",
      "lat": 1.291608,
      "lng": 103.7763329
    },

    "capacity": 150,"shift_start":"8:00"
  },
  "driver_4": {
    "start_location": {
      "id": "depot",
      "name": "119615",
      "lat": 1.291608,
      "lng": 103.7763329
    },
    "end_location": {
      "id": "depot",
      "name": "119615",
      "lat": 1.291608,
      "lng": 103.7763329
    },

    "capacity": 150,"shift_start":"8:00"
  },
  "driver_5": {
    "start_location": {
      "id": "depot",
      "name": "119615",
      "lat": 1.291608,
      "lng": 103.7763329
    },
    "end_location": {
      "id": "depot",
      "name": "119615",
      "lat": 1.291608,
      "lng": 103.7763329
    },
    "capacity": 150,"shift_start":"8:00"
  },
  "driver_6": {
    "start_location": {
      "id": "depot",
      "name": "119615",
      "lat": 1.291608,
      "lng": 103.7763329
    },
    "end_location": {
      "id": "depot",
      "name": "119615",
      "lat": 1.291608,
      "lng": 103.7763329
    },

    "capacity": 150,"shift_start":"8:00"
  },
  "driver_7": {
    "start_location": {
      "id": "depot",
      "name": "119615",
      "lat": 1.291608,
      "lng": 103.7763329
    },
    "end_location": {
      "id": "depot",
      "name": "119615",
      "lat": 1.291608,
      "lng": 103.7763329
    },

    "capacity": 150,"shift_start":"8:00"
  },
  "driver_8": {
    "start_location": {
      "id": "depot",
      "name": "119615",
      "lat": 1.291608,
      "lng": 103.7763329
    },
    "end_location": {
      "id": "depot",
      "name": "119615",
      "lat": 1.291608,
      "lng": 103.7763329
    },

    "capacity": 150,"shift_start":"8:00"
  },
  "driver_9": {
    "start_location": {
      "id": "depot",
      "name": "119615",
      "lat": 1.291608,
      "lng": 103.7763329
    },
    "end_location": {
      "id": "depot",
      "name": "119615",
      "lat": 1.291608,
      "lng": 103.7763329
    },

    "capacity": 150,"shift_start":"8:00"
  },
  "driver_10": {
    "start_location": {
      "id": "depot",
      "name": "119615",
      "lat": 1.291608,
      "lng": 103.7763329
    },
    "end_location": {
      "id": "depot",
      "name": "119615",
      "lat": 1.291608,
      "lng": 103.7763329
    },

    "capacity": 150,"shift_start":"8:00"
  },
  "driver_11": {
    "start_location": {
      "id": "depot",
      "name": "119615",
      "lat": 1.291608,
      "lng": 103.7763329
    },
    "end_location": {
      "id": "depot",
      "name": "119615",
      "lat": 1.291608,
      "lng": 103.7763329
    },

    "capacity": 150,"shift_start":"8:00"
  },
	"driver_12": {
    "start_location": {
      "id": "depot",
      "name": "119615",
      "lat": 1.291608,
      "lng": 103.7763329
    },
    "end_location": {
      "id": "depot",
      "name": "119615",
      "lat": 1.291608,
      "lng": 103.7763329
    },

    "capacity": 150,"shift_start":"8:00"
  },
	"driver_13": {
    "start_location": {
      "id": "depot",
      "name": "119615",
      "lat": 1.291608,
      "lng": 103.7763329
    },
    "end_location": {
      "id": "depot",
      "name": "119615",
      "lat": 1.291608,
      "lng": 103.7763329
    },

    "capacity": 150,"shift_start":"8:00"
  },
	"driver_14": {
    "start_location": {
      "id": "depot",
      "name": "119615",
      "lat": 1.291608,
      "lng": 103.7763329
    },
    "end_location": {
      "id": "depot",
      "name": "119615",
      "lat": 1.291608,
      "lng": 103.7763329
    },
    "capacity": 150,"shift_start":"8:00"
  },
	"driver_15": {
    "start_location": {
      "id": "depot",
      "name": "119615",
      "lat": 1.291608,
      "lng": 103.7763329
    },
    "end_location": {
      "id": "depot",
      "name": "119615",
      "lat": 1.291608,
      "lng": 103.7763329
    },
    "capacity": 150,"shift_start":"8:00"
  }
	}
}
